{"accuracy": [0.6775446534156799, 0.8699622750282288, 0.9076605439186096, 0.9259975552558899, 0.9418450593948364, 0.9509637951850891, 0.9585745930671692, 0.9638807773590088, 0.9689167141914368, 0.9705953598022461], "loss": [1.0968636274337769, 0.4060421586036682, 0.2852433919906616, 0.2249511480331421, 0.18139512836933136, 0.15089040994644165, 0.12681084871292114, 0.1136125773191452, 0.10047240555286407, 0.09115813672542572], "val_accuracy": [0.8024129271507263, 0.5814363956451416, 0.8033234477043152, 0.8425905108451843, 0.8777600526809692, 0.9477008581161499, 0.9569770097732544, 0.9484975934028625, 0.9415547251701355, 0.9458798170089722], "val_loss": [0.6595851182937622, 2.326961040496826, 0.7609437704086304, 0.625558614730835, 0.472821980714798, 0.173555389046669, 0.13281574845314026, 0.17362548410892487, 0.19729147851467133, 0.17932143807411194]}